﻿<?xml version="1.0" encoding="UTF-8" standalone="yes"?>
<addon id="repository.zombi"
       name="Zombi Repository"
        version="0.0.9"
        provider-name="zombi">
    <extension point="xbmc.addon.repository" name="Zombi Repository">
   <dir>
        <info compressed="false">https://raw.githubusercontent.com/nidaltiti/zipx/master/addons.xml</info>
        <checksum>https://raw.githubusercontent.com/nidaltiti/zipx/master/addons.xml.md5</checksum>
        <datadir zip="true">https://github.com/nidaltiti/zipx/raw/master/zips</datadir>
    </dir>
    <dir>
    <info compressed="false">https://raw.githubusercontent.com/nidaltiti/kodiPackages/master/addons.xml</info>
    <checksum>https://raw.githubusercontent.com/nidaltiti/kodiPackages/master/addons.xml.md5</checksum>
    <datadir zip="true">https://raw.githubusercontent.com/nidaltiti/kodiPackages/master/addons/zips</datadir>  
</dir>

   </extension>

    <extension point="xbmc.addon.metadata">
        <summary lang="fr">Matrix Repository</summary>
        <description lang="fr">arabic vod addon</description>
        <summary lang="en">Matrix Repository</summary>
        <description lang="en">arabic vod addon</description>
        <platform>all</platform>
    </extension>
</addon>