<?xml version="1.0" encoding="UTF-8" standalone="yes"?>
<addon id="script.module.cloudscraper" name="CloudScraper2" version="1.2.60" provider-name="venomous">
  <requires>
    <import addon="script.module.requests" />
  </requires>
  <extension point="xbmc.python.module" library="lib" />
  <extension point="xbmc.addon.metadata">
    <summary lang="en_gb">Bypasses Cloudflare protection using Python</summary>
    <description lang="en_gb">Wrapper around requests and cfscrape to handle anti-bot challenges.</description>
    <language>en</language>
    <platform>all</platform>
    <license>MIT</license>
    <website>https://github.com/yourusername/yourrepo</website>
    <source>https://github.com/yourusername/yourrepo</source>
  </extension>
</addon>
