<?xml version="1.0" encoding="UTF-8" standalone="yes"?>
<addon id="plugin.video.matrix" name="matrix" version="6.5.7" provider-name="Nidaltiti">
    <requires>

        <trycatch>
            <try>
                <import addon="xbmc.python" version="3.0.0"/>
            </try>

            <catch>
                <import addon="xbmc.python" version="2.24.0"/>
            </catch>
        </trycatch>
        
        <import addon="script.module.pyqrcode"/>
        <import addon="script.kodi.loguploader"/>
        <import addon="script.module.requests"/>
        <import addon="script.module.requests-toolbelt" />
        <import addon="script.module.cloudscraper" version="0.0.0" />
        <import addon="plugin.video.youtube" version="2.0.0" />
        <import addon="script.module.resolveurl" version="5.1.0"/>
        <import addon="script.module.requests-cache" version="0.5.2"/>
        <import addon="script.module.six" version="0.0.1"/>
        <import addon="script.module.dnspython" optional="true"/>
        <import addon="plugin.video.torrest" optional="true"/>
        <import addon="repository.github" optional="true"/>
        <import addon="script.module.pycryptodome" version="3.4.3"/>
        <!-- DEBUG        <import addon="script.module.pydevd" version="4.4.0"/> -->
    </requires>

    <extension point="xbmc.python.pluginsource" library="default.py">
        <provides>video</provides>
    </extension>
 
    <extension point="kodi.context.item">
        <menu id="kodi.core.main">
            <item library="resources/lib/gui/menuInformation.py">
		        <label>[COLOR lightcoral]$ADDON[plugin.video.matrix 30208][/COLOR]</label>
				<visible>Window.IsVisible(home) + ListItem.Property(sMeta)</visible>
            </item>
            <item library="resources/lib/gui/menuAddBookmark.py">
		        <label>[COLOR lightcoral]$ADDON[plugin.video.matrix 30210][/COLOR]</label>
				<visible>Window.IsVisible(home) + !ListItem.Property(isBookmark) + ListItem.Property(sMeta)</visible>
            </item>
            <item library="resources/lib/gui/menuSimil.py">
		        <label>[COLOR lightcoral]$ADDON[plugin.video.matrix 30213][/COLOR]</label>
				<visible>Window.IsVisible(home) + ListItem.Property(sMeta)</visible>
            </item>
            <item library="resources/lib/gui/menuParents.py">
		        <label>[COLOR lightcoral]$ADDON[plugin.video.matrix 33213][/COLOR]</label>
				<visible>Window.IsVisible(home) + ListItem.Property(sMeta)</visible>
            </item>
            <item library="resources/lib/gui/menuDelBookmark.py">
		        <label>$ADDON[plugin.video.matrix 30412]</label>
				<visible>Window.IsVisible(home) + ListItem.Property(isBookmark)</visible>
            </item>
            <item library="resources/lib/gui/menuDelViewing.py">
		        <label>$ADDON[plugin.video.matrix 30412]</label>
				<visible>Window.IsVisible(home) + ListItem.Property(isViewing)</visible>
            </item>
		</menu>
    </extension>

    <extension point="xbmc.service" library="service.py"/>
    <extension point="xbmc.addon.metadata">
        <summary lang="ar_SA">matrix هو إضافة عربية لـ Kodi</summary>
        <description lang="ar_SA">يوفر matrix وصولاً سلسًا وجذابًا إلى مواقع الفيديو العربية.</description>
        <disclaimer lang="ar_SA">هذه الإضافة لا تستضيف أي محتوى. إنها تعرض فقط المحتوى من المواقع المتاحة للجمهور. من خلال إجراء طلبات HTTP بسيطة، تسترجع وتعرض المحتوى تمامًا مثل أي متصفح ويب عادي.</disclaimer>
        <summary lang="en_US">matrix is an Arabic Kodi add-on</summary>
        <description lang="en_US">matrix provides seamless and visually appealing access to Arabic video websites.</description>
        <disclaimer lang="en_US">This add-on does not host any content. It simply displays content from publicly available websites. By making straightforward HTTP requests, it retrieves and presents content just like a standard web browser.</disclaimer>
        <platform>all</platform>
        <license>GNU GENERAL PUBLIC LICENSE</license>
        <forum>https://github.com/zombiB/zombi-addons/issues</forum>
        <source>https://github.com/zombiB/zombi-addons/issues</source>
        <assets>
            <icon>icon.png</icon>
            <fanart>fanart.jpg</fanart>
            <screenshot>screenshot-01.jpg</screenshot>
            <screenshot>screenshot-02.jpg</screenshot>
        </assets>
    </extension>
</addon>
